observation_date,apparel_index,real_wages_index
2000-01-01,100.0,100.0
2000-02-01,99.77046671767408,100.02311841767273
2000-03-01,99.69395562356543,99.79847119010532
2000-04-01,99.3114001530222,100.14526230257997
2000-05-01,99.23488905891354,100.25766402753402
2000-06-01,98.92884468247898,100.03322023238948
2000-07-01,98.62280030604438,100.02899408234151
2000-08-01,98.62280030604438,100.38573086580207
2000-09-01,99.08186687069626,100.29116273921883
2000-10-01,98.85233358837031,100.40156759937489
2000-11-01,98.85233358837031,100.6530581890681
2000-12-01,98.77582249426166,100.84589271214222
2001-01-01,99.00535577658762,100.27159947346256
2001-02-01,99.1583779648049,100.53377663093819
2001-03-01,99.08186687069626,100.89650663287615
2001-04-01,98.08722264728385,100.8646156182026
2001-05-01,97.4751338944147,100.76959010747495
2001-06-01,97.4751338944147,100.8201186272269
2001-07-01,97.39862280030606,101.0600719760933
2001-08-01,96.71002295332825,101.40735744680151
2001-09-01,96.25095638867637,101.14715658654711
2001-10-01,96.25095638867637,101.70943323235902
2001-11-01,95.94491201224179,102.18324210181027
2001-12-01,95.56235654169856,102.37975676478457
2002-01-01,95.17980107115534,102.34559497509419
2002-02-01,95.33282325937262,102.31154833750387
2002-03-01,95.86840091813313,102.30107763629468
2002-04-01,95.71537872991584,101.98207325755746
2002-05-01,95.33282325937262,102.14302222330345
2002-06-01,94.7972456006121,102.42918113355573
2002-07-01,94.49120122417752,102.47537603105287
2002-08-01,95.10328997704669,102.53283173458811
2002-09-01,94.41469013006886,102.56715261944326
2002-10-01,94.10864575363429,102.81673848289425
2002-11-01,94.18515684774292,102.85045773334775
2002-12-01,93.87911247130835,103.01961782786717
2003-01-01,93.42004590665647,102.635751421725
2003-02-01,93.19051262433054,102.54651431978257
2003-03-01,92.34889058913544,102.31222588695678
2003-04-01,92.04284621270085,102.7704150060703
2003-05-01,91.8133129303749,103.27582543256268
2003-06-01,92.27237949502678,103.36490189578318
2003-07-01,92.65493496557,103.29559222167022
2003-08-01,92.42540168324408,102.98126649388763
2003-09-01,92.50191277735273,102.64745363653307
2003-10-01,92.65493496557,102.75848387302472
2003-11-01,92.42540168324408,102.96935363310908
2003-12-01,91.9663351185922,102.758232402296
2004-01-01,91.88982402448356,102.58152906403018
2004-02-01,91.88982402448356,102.4937452685071
2004-03-01,92.1193573068095,102.47219298307036
2004-04-01,92.27237949502678,102.50540220189244
2004-05-01,92.50191277735273,102.33155752729839
2004-06-01,92.73144605967867,102.21326564658794
2004-07-01,92.57842387146137,102.23547994522433
2004-08-01,92.04284621270085,102.44194509326022
2004-09-01,91.8133129303749,102.44269996917001
2004-10-01,92.04284621270085,102.09952578433257
2004-11-01,92.27237949502678,101.81301296376024
2004-12-01,91.66029074215763,101.94156474780539
2005-01-01,92.04284621270085,102.25200791313782
2005-02-01,91.8133129303749,102.01896975914441
2005-03-01,92.19586840091814,101.9043839236784
2005-04-01,91.73680183626627,101.84317650833874
2005-05-01,91.73680183626627,102.08671671057539
2005-06-01,91.35424636572304,102.28846210206663
2005-07-01,91.04820198928846,102.10121564225447
2005-08-01,91.43075745983168,101.6020923287958
2005-09-01,91.1247130833971,100.34614528510217
2005-10-01,91.04820198928846,100.75192807224941
2005-11-01,91.20122417750575,101.38491800195011
2005-12-01,90.74215761285387,101.75811401913519
2006-01-01,90.97169089517982,101.51636988557475
2006-02-01,90.1300688599847,101.8362219117323
2006-03-01,91.1247130833971,102.0534440671196
2006-04-01,91.50726855394032,102.20368132114206
2006-05-01,91.73680183626627,101.69696996109671
2006-06-01,91.88982402448356,101.89854968351715
2006-07-01,91.04820198928846,101.69696996109671
2006-08-01,91.66029074215763,101.3975676942829
2006-09-01,91.9663351185922,102.29872717980145
2006-10-01,91.66029074215763,102.85547927714687
2006-11-01,91.35424636572304,103.15697596548871
2006-12-01,91.66029074215763,103.04892377151013
2007-01-01,91.70619739862282,102.9282092981602
2007-02-01,91.99464422341241,102.97872644988789
2007-03-01,91.65799540933436,102.64414956519252
2007-04-01,91.30145371078807,102.68280390333364
2007-05-01,91.1752104055088,102.50609919901603
2007-06-01,90.72379495026779,102.80897539423918
2007-07-01,90.62662586074981,102.57725326634805
2007-08-01,90.20734506503445,102.83946747355293
2007-09-01,90.30068859984698,102.60057675159435
2007-10-01,90.61591430757461,102.38243641573197
2007-11-01,90.84697781178271,101.87351212699865
2007-12-01,91.31599081866871,101.77151904168018
2008-01-01,91.38332058148433,101.56563921477841
2008-02-01,90.97475133894415,101.70318595271581
2008-03-01,90.58837031369549,101.76939012635519
2008-04-01,90.84085692425403,101.62947049986668
2008-05-01,90.8309104820199,101.45691354711472
2008-06-01,90.66641162968632,100.63867386924682
2008-07-01,91.05279265493498,100.29653318294962
2008-08-01,91.6113236419281,100.91107266705377
2008-09-01,91.52104055087989,100.96424737430758
2008-10-01,90.89441469013008,101.98050952111639
2008-11-01,90.94644223412396,104.29577643052524
2008-12-01,90.37413925019129,105.59458891030538
2009-01-01,90.25784238714614,105.3760131902858
2009-02-01,91.72762050497323,105.08917983803417
2009-03-01,92.09487375669472,105.5280447842153
2009-04-01,91.95256312165266,105.66092812905133
2009-05-01,91.84238714613619,105.6011574175184
2009-06-01,92.02448355011478,104.82661739087862
2009-07-01,91.80107115531753,105.04730650862612
2009-08-01,91.99387911247132,104.93275045766578
2009-09-01,92.40933435348127,104.91897661150576
2009-10-01,92.19586840091814,104.79284463149652
2009-11-01,91.81866870696253,104.58355086822971
2009-12-01,92.15072685539404,104.6695476831856
2010-01-01,91.74445294567712,104.74196862027176
2010-02-01,91.95409334353482,105.12258068244498
2010-03-01,91.98546289211936,105.08775794795713
2010-04-01,91.54246365723031,105.20392333247774
2010-05-01,91.54399387911248,105.3522386591324
2010-06-01,91.52486610558532,105.49002220192124
2010-07-01,91.2945677123183,105.57361050624642
2010-08-01,91.017597551645,105.55955362765783
2010-09-01,91.20887528691661,105.62227964806152
2010-10-01,90.98469778117828,105.5343724617403
2010-11-01,91.0688599846978,105.2676409315419
2010-12-01,91.21882172915073,104.98489768834871
2011-01-01,91.67559296097934,105.15128389147112
2011-02-01,91.73986228003062,104.8143607878522
2011-03-01,91.61361897475135,104.27488961964269
2011-04-01,91.84162203519512,103.96922625020531
2011-05-01,92.69013006885999,103.91090095488518
2011-06-01,93.12165263963274,104.04661392957593
2011-07-01,93.76205049732211,104.27103421996695
2011-08-01,94.53022188217292,103.71826166943339
2011-09-01,94.29533282325939,103.71792105813162
2011-10-01,94.7016067329763,103.96188594038466
2011-11-01,95.45677123182863,103.81490139049927
2011-12-01,95.53557765876053,103.9244989502236
2012-01-01,95.9441469013007,103.82069685550117
2012-02-01,95.69625095638868,103.68833834923869
2012-03-01,96.28921193573069,103.82729629299887
2012-04-01,96.734506503443,103.78826579998221
2012-05-01,96.91124713083397,104.09229325789416
2012-06-01,96.5937260902831,104.40089072864687
2012-07-01,96.35424636572304,104.50421384951933
2012-08-01,95.89364957918899,103.85636856125014
2012-09-01,96.69931140015304,103.75939146735276
2012-10-01,97.39173680183627,103.43642287895072
2012-11-01,97.31522570772762,103.91826127597162
2012-12-01,97.39020657995411,104.32668864321208
2013-01-01,97.99234889058914,104.20823928264696
2013-02-01,98.03672532517214,103.8200863613286
2013-03-01,97.14613618974752,104.20040662100818
2013-04-01,97.0964039785769,104.72554316800387
2013-05-01,97.10482019892885,104.76989871926281
2013-06-01,97.16526396327468,104.82735271861637
2013-07-01,97.66258607498088,104.70989006728637
2013-08-01,97.48431522570775,104.6347585183308
2013-09-01,97.38408569242542,104.76951226595361
2013-10-01,97.15990818668708,104.84403178696449
2013-11-01,97.4238714613619,104.95509586758212
2013-12-01,98.37566947207345,104.76496294119006
2014-01-01,97.84391736801837,104.6844978263984
2014-02-01,97.38255547054322,105.0443129886385
2014-03-01,97.50497322111707,104.74407018465017
2014-04-01,97.53251721499619,104.67819108095364
2014-05-01,97.76052027543994,104.73691602371962
2014-06-01,97.92042846212702,104.8559372615057
2014-07-01,97.88982402448354,104.82369639523905
2014-08-01,97.44223412394798,105.09743295061543
2014-09-01,97.7911247130834,105.1755573063722
2014-10-01,97.75133894414691,105.32487433531435
2014-11-01,97.36342769701608,105.82393164238132
2014-12-01,96.89135424636574,106.02222923580804
2015-01-01,96.50267788829382,107.17849586310082
2015-02-01,96.37337413925019,107.12358547711789
2015-03-01,96.88293802601379,107.09435296526995
2015-04-01,96.70237184391738,107.15503138283893
2015-05-01,96.27467482785005,107.14610233410767
2015-06-01,96.0290742157613,106.85034902942412
2015-07-01,96.16602907421577,106.85201352441374
2015-08-01,96.53098699311401,107.23697747890115
2015-09-01,96.41239479724561,107.52136505246945
2015-10-01,95.88599846977812,107.80008004861072
2015-11-01,96.1928079571538,107.8850876835559
2015-12-01,96.43611323641929,108.00124879680403
2016-01-01,95.63810252486611,108.56429265956207
2016-02-01,96.32593726090283,108.75168948716734
2016-03-01,96.28385615914308,108.71084868573216
2016-04-01,96.2371843917368,108.63642478019347
2016-05-01,96.94491201224179,108.5924640734712
2016-06-01,96.61514919663352,108.46118883379947
2016-07-01,96.31293037490437,108.8123397362183
2016-08-01,96.51721499617445,108.69604846077854
2016-09-01,96.33817903596022,108.66466463899653
2016-10-01,96.80260137719971,108.95758361189888
2016-11-01,96.86687069625097,108.82927958121876
2016-12-01,96.54552410099465,108.68096914696596
2017-01-01,96.43764345830147,108.53554413009363
2017-02-01,96.44835501147668,108.65470549436455
2017-03-01,96.707727620505,108.87228304676808
2017-04-01,96.63427697016068,109.0296066464441
2017-05-01,96.13695485845449,109.23909373126446
2017-06-01,96.02754399387912,109.37621306989185
2017-07-01,95.92042846212702,109.71512626666471
2017-08-01,95.93726090283093,109.37744859448335
2017-09-01,96.21958684009182,109.31696935376274
2017-10-01,96.37413925019128,109.27354390733595
2017-11-01,95.65723029839329,109.14727935359775
2017-12-01,95.05279265493498,109.28715361126716
2018-01-01,95.52792654934966,109.19207412070706
2018-02-01,96.28079571537874,108.98039814048572
2018-03-01,96.77811782708494,109.40766350486814
2018-04-01,97.41851568477429,109.36731294596957
2018-05-01,97.52410099464424,109.40477565274769
2018-06-01,96.69778117827086,109.50884390953813
2018-07-01,96.15608263198165,109.70677931746326
2018-08-01,94.45371078806427,109.95555773560046
2018-09-01,95.74827850038257,110.17286005096172
2018-10-01,96.42004590665647,110.11686689329585
2018-11-01,95.71461361897477,110.47629222121247
2018-12-01,95.14613618974752,110.88348131393045
2019-01-01,95.23029839326703,111.09472171976901
2019-02-01,95.27620504973223,111.16375393171332
2019-03-01,94.61820964039786,111.0648959921525
2019-04-01,94.79801071155319,110.7285811481618
2019-05-01,94.69319051262434,111.05977071773066
2019-06-01,95.44758990053559,111.45452033446084
2019-07-01,95.43305279265493,111.43642614246727
2019-08-01,95.28079571537874,111.77149833247128
2019-09-01,95.48201989288447,111.67908100083781
2019-10-01,94.48278500382557,111.68059853790018
2019-11-01,94.52945677123184,111.76141247241851
2019-12-01,94.00076511094109,111.59416956640472
2020-01-01,93.70849273144607,111.57636433077138
2020-02-01,94.07192042846214,111.95492855119385
2020-03-01,93.00535577658762,113.21292747029203
2020-04-01,89.56771231828615,119.32012317332779
2020-05-01,87.40933435348126,118.15521173578762
2020-06-01,88.49655700076512,116.24002993506983
2020-07-01,89.19357306809488,115.6899868070165
2020-08-01,89.44682478959449,115.65208641783546
2020-09-01,89.63810252486611,115.42739276037663
2020-10-01,89.6388676358072,115.40181441426853
2020-11-01,89.83244070390207,115.5297472949361
2020-12-01,90.25784238714614,116.07763443440642
2021-01-01,91.09793420045908,115.87137204869768
2021-02-01,90.3902065799541,115.94223922736472
2021-03-01,90.65340474368784,115.26073678510176
2021-04-01,91.57765876052028,115.2708572027104
2021-05-01,92.42081101759756,115.2310264255542
2021-06-01,92.83779648048967,114.7526163519436
2021-07-01,92.82249426166796,114.67431764295448
2021-08-01,92.96480489671004,114.79678209312726
2021-09-01,92.61744452945678,115.0221652876776
2021-10-01,93.7796480489671,114.51251652824273
2021-11-01,94.57536342769703,113.86805387532047
2021-12-01,95.44988523335884,113.66653802199885
2022-01-01,96.00306044376435,113.73929811641614
2022-02-01,96.4016832440704,113.09989910611952
2022-03-01,96.74292272379496,112.41765487193408
2022-04-01,96.47895944912013,112.63598199190645
2022-05-01,96.93420045906656,112.06643148086171
2022-06-01,97.49961744452946,110.98653237752293
2022-07-01,97.47054322876818,111.52034696815225
2022-08-01,97.49196633511859,111.79543355364432
2022-09-01,97.61897475133895,111.76924206367897
2022-10-01,97.76358071920428,111.59103369141876
2022-11-01,98.19280795715379,111.7085323316084
2022-12-01,98.29762815608264,112.09971457268722
2023-01-01,99.02830910482021,111.77797577110091
2023-02-01,99.64728385615915,111.83461782087764
2023-03-01,99.7903596021423,112.10148368091313
2023-04-01,99.90283091048204,112.25972711451281
2023-05-01,100.23182861514918,112.3134397626623
2023-06-01,100.31981637337415,112.69780069303876
2023-07-01,100.49885233358837,113.01184249917517
2023-08-01,100.35195103289978,112.60088185458694
2023-09-01,99.7230298393267,112.56049767560434
2023-10-01,100.43917368018364,112.63821227036348
2023-11-01,99.54016832440703,112.77001517357488
2023-12-01,99.42004590665648,112.94868838171823
2024-01-01,99.22341239479726,113.1907391897592
2024-02-01,99.7008416220352,112.89234558834407
2024-03-01,100.19586840091814,112.8175578015336
2024-04-01,101.1759755164499,112.93057302012063
2024-05-01,101.01530221882173,113.29790953756414
2024-06-01,100.96097934200459,113.73515922164283
2024-07-01,100.66488140780415,113.77176016236533
2024-08-01,100.54705432287683,114.04650298443704
2024-09-01,101.40703902065799,114.19146824679913
2024-10-01,100.79648048967103,114.25286346463086
2024-11-01,100.75899005355777,114.37889003863937
2024-12-01,100.66411629686307,114.27957009079049
2025-01-01,99.79801071155319,114.27163206177893
2025-02-01,100.30221882172916,114.33309977827186
2025-03-01,100.5263963274675,114.83582986366471
2025-04-01,100.38332058148431,114.68222349516435
2025-05-01,100.0627390971691,115.07597998217796
2025-06-01,100.39326702371845,115.03731167375915
2025-07-01,100.50038255547055,115.12245108875148
2025-08-01,100.76052027543993,115.19476384976267
2025-09-01,101.30910482019895,115.10674945094759
2025-11-01,100.9051262433053,115.7556500912309
2025-12-01,101.23718439173682,115.47435145614378
2026-01-01,101.54781943381792,115.68221839304391
2026-02-01,102.84544758990054,115.74684146002797
2026-03-01,103.90512624330528,115.00037324578368
2026-04-01,104.56771231828614,114.45257308795027
2026-05-01,104.87299158377965,114.21835933518989
2026-06-01,104.29456771231828,115.10048920328117
